,emotions
0,Neutral
1,Neutral
2,Neutral
3,Neutral
4,Neutral
5,Neutral
6,Neutral
7,Neutral
8,Neutral
9,Neutral
10,Surprised
11,Neutral
12,Neutral
13,Neutral
14,Surprised
15,Neutral
16,Surprised
17,Neutral
18,Neutral
19,Neutral
20,Happy
21,Happy
22,Happy
23,Neutral
24,Neutral
25,Neutral
26,Surprised
27,Neutral
28,Happy
29,Neutral
30,Sad
31,Sad
32,Neutral
33,Happy
34,Neutral
35,Neutral
36,Happy
37,Happy
38,Neutral
39,Surprised
40,Neutral
41,Neutral
42,Sad
43,Neutral
44,Neutral
45,Neutral
46,Neutral
47,Neutral
48,Neutral
49,Happy
50,Neutral
51,Neutral
52,Neutral
53,Neutral
54,Neutral
55,Happy
56,Neutral
57,Neutral
58,Neutral
59,Neutral
60,Sad
61,Neutral
62,Happy
63,Neutral
64,Neutral
65,Neutral
66,Neutral
67,Happy
68,Neutral
69,Neutral
70,Sad
71,Neutral
72,Happy
73,Neutral
74,Neutral
75,Neutral
76,Neutral
77,Happy
78,Neutral
79,Neutral
80,Neutral
81,Neutral
82,Neutral
83,Neutral
84,Neutral
85,Neutral
86,Neutral
87,Neutral
88,Neutral
89,Neutral
90,Neutral
91,Neutral
92,Neutral
93,Neutral
94,Neutral
95,Neutral
96,Neutral
97,Neutral
98,Sad
99,Neutral
100,Neutral
101,Neutral
102,Neutral
103,Neutral
104,Neutral
105,Neutral
106,Neutral
107,Sad
108,Happy
109,Neutral
110,Happy
111,Neutral
112,Neutral
113,Neutral
114,Neutral
115,Neutral
116,Neutral
117,Neutral
118,Neutral
119,Neutral
120,Happy
121,Neutral
122,Neutral
123,Neutral
124,Neutral
125,Sad
126,Sad
127,Neutral
128,Neutral
129,Angry
130,Happy
131,Neutral
132,Happy
133,Neutral
134,Neutral
135,Neutral
136,Sad
137,Neutral
138,Neutral
139,Neutral
140,Neutral
141,Neutral
142,Neutral
143,Neutral
144,Neutral
145,Neutral
146,Neutral
147,Neutral
148,Sad
149,Happy
150,Neutral
151,Neutral
152,Neutral
153,Neutral
154,Neutral
155,Angry
156,Neutral
157,Neutral
158,Sad
159,Neutral
160,Neutral
161,Neutral
162,Neutral
163,Neutral
164,Neutral
165,Neutral
166,Neutral
167,Neutral
168,Neutral
169,Neutral
170,Neutral
171,Neutral
172,Neutral
173,Neutral
174,Neutral
175,Neutral
176,Neutral
177,Neutral
178,Neutral
179,Neutral
180,Neutral
181,Neutral
182,Neutral
183,Neutral
184,Neutral
185,Neutral
186,Neutral
187,Neutral
188,Neutral
189,Neutral
190,Neutral
191,Happy
192,Neutral
193,Neutral
194,Neutral
195,Neutral
196,Neutral
197,Neutral
198,Neutral
199,Neutral
200,Neutral
201,Neutral
202,Sad
203,Neutral
204,Neutral
205,Surprised
206,Happy
207,Neutral
208,Neutral
209,Neutral
210,Neutral
211,Neutral
212,Neutral
213,Neutral
214,Neutral
215,Neutral
216,Neutral
217,Neutral
218,Neutral
219,Neutral
220,Neutral
221,Neutral
222,Neutral
223,Neutral
224,Neutral
225,Happy
226,Neutral
227,Neutral
228,Neutral
229,Neutral
230,Neutral
231,Neutral
232,Happy
233,Neutral
234,Neutral
235,Neutral
236,Neutral
237,Neutral
238,Neutral
239,Neutral
240,Neutral
241,Neutral
242,Neutral
243,Neutral
244,Neutral
245,Neutral
246,Neutral
247,Neutral
248,Neutral
249,Neutral
250,Neutral
251,Neutral
252,Neutral
253,Neutral
254,Neutral
255,Neutral
256,Neutral
257,Happy
258,Happy
259,Neutral
260,Neutral
261,Neutral
262,Happy
263,Neutral
264,Neutral
265,Neutral
266,Neutral
267,Neutral
268,Neutral
269,Neutral
270,Neutral
271,Neutral
272,Neutral
273,Neutral
274,Neutral
275,Neutral
276,Neutral
277,Neutral
278,Neutral
279,Neutral
280,Neutral
281,Neutral
282,Neutral
283,Happy
284,Neutral
285,Neutral
286,Neutral
287,Happy
288,Neutral
289,Neutral
290,Neutral
291,Neutral
292,Neutral
293,Neutral
294,Neutral
295,Neutral
296,Neutral
297,Neutral
298,Neutral
299,Neutral
300,Neutral
301,Neutral
302,Neutral
303,Neutral
304,Neutral
305,Happy
306,Neutral
307,Happy
308,Happy
309,Neutral
310,Neutral
311,Neutral
312,Neutral
313,Neutral
314,Happy
315,Neutral
316,Neutral
317,Happy
318,Happy
319,Happy
320,Neutral
321,Surprised
322,Neutral
323,Happy
324,Neutral
325,Neutral
326,Neutral
327,Neutral
328,Neutral
329,Neutral
330,Happy
331,Neutral
332,Neutral
333,Neutral
334,Happy
335,Happy
336,Happy
337,Happy
338,Sad
339,Neutral
340,Neutral
341,Neutral
342,Neutral
343,Neutral
344,Neutral
345,Neutral
346,Neutral
347,Neutral
348,Neutral
349,Neutral
350,Neutral
351,Neutral
352,Happy
353,Neutral
354,Neutral
355,Neutral
356,Neutral
357,Neutral
358,Neutral
359,Neutral
360,Neutral
361,Neutral
362,Neutral
363,Neutral
364,Neutral
365,Neutral
366,Neutral
367,Neutral
368,Neutral
369,Neutral
370,Happy
371,Happy
372,Neutral
373,Neutral
374,Neutral
375,Happy
376,Neutral
377,Happy
378,Neutral
379,Happy
380,Neutral
381,Neutral
382,Neutral
383,Neutral
384,Neutral
385,Happy
386,Neutral
387,Neutral
388,Neutral
389,Neutral
390,Happy
391,Neutral
392,Neutral
393,Neutral
394,Happy
395,Neutral
396,Neutral
397,Neutral
398,Neutral
399,Neutral
400,Neutral
401,Neutral
402,Neutral
403,Neutral
404,Neutral
405,Sad
406,Neutral
407,Neutral
408,Neutral
409,Neutral
410,Neutral
411,Neutral
412,Neutral
413,Neutral
414,Neutral
415,Neutral
416,Neutral
417,Neutral
418,Neutral
419,Happy
420,Neutral
421,Neutral
422,Sad
423,Sad
424,Happy
425,Neutral
426,Neutral
427,Sad
428,Sad
429,Neutral
430,Neutral
431,Neutral
432,Neutral
433,Neutral
434,Neutral
435,Happy
436,Neutral
437,Sad
438,Sad
439,Neutral
440,Neutral
441,Neutral
442,Neutral
443,Sad
444,Neutral
445,Happy
446,Neutral
447,Neutral
448,Neutral
449,Neutral
450,Happy
451,Neutral
452,Neutral
453,Neutral
454,Neutral
455,Sad
456,Sad
457,Neutral
458,Happy
459,Neutral
460,Sad
461,Neutral
462,Neutral
463,Disgusted
464,Neutral
465,Sad
466,Surprised
467,Neutral
468,Neutral
469,Neutral
470,Sad
471,Neutral
472,Neutral
473,Neutral
474,Surprised
475,Sad
476,Disgusted
477,Sad
478,Neutral
479,Surprised
480,Neutral
481,Sad
482,Neutral
483,Sad
484,Neutral
485,Neutral
486,Neutral
487,Neutral
488,Neutral
489,Neutral
490,Neutral
491,Neutral
492,Neutral
493,Sad
494,Neutral
495,Neutral
496,Sad
497,Neutral
498,Neutral
499,Neutral
500,Sad
501,Neutral
502,Neutral
503,Neutral
504,Neutral
505,Neutral
506,Neutral
507,Neutral
508,Neutral
509,Neutral
510,Neutral
511,Neutral
512,Happy
513,Neutral
514,Sad
515,Neutral
516,Sad
517,Neutral
518,Sad
519,Neutral
520,Neutral
521,Neutral
522,Neutral
523,Neutral
524,Neutral
525,Neutral
526,Neutral
527,Neutral
528,Happy
529,Happy
530,Neutral
531,Neutral
532,Neutral
533,Neutral
534,Happy
535,Neutral
536,Neutral
537,Neutral
538,Neutral
539,Neutral
540,Neutral
541,Happy
542,Neutral
543,Neutral
544,Happy
545,Neutral
546,Neutral
547,Neutral
548,Sad
549,Neutral
550,Neutral
551,Neutral
552,Neutral
553,Neutral
554,Neutral
555,Neutral
556,Neutral
557,Sad
558,Neutral
559,Neutral
560,Neutral
561,Neutral
562,Happy
563,Neutral
564,Sad
565,Neutral
566,Happy
567,Happy
568,Neutral
569,Happy
570,Happy
571,Neutral
572,Happy
573,Neutral
574,Sad
575,Neutral
576,Neutral
577,Angry
578,Happy
579,Sad
580,Neutral
581,Neutral
582,Neutral
583,Neutral
584,Neutral
585,Neutral
586,Neutral
587,Neutral
588,Happy
589,Neutral
590,Neutral
591,Neutral
592,Neutral
593,Neutral
594,Neutral
595,Happy
596,Neutral
597,Neutral
598,Neutral
599,Neutral
600,Neutral
601,Sad
602,Neutral
603,Neutral
604,Happy
605,Happy
606,Neutral
607,Neutral
608,Neutral
609,Happy
610,Neutral
611,Neutral
612,Neutral
613,Happy
614,Neutral
615,Happy
616,Happy
617,Neutral
618,Neutral
619,Neutral
620,Neutral
621,Neutral
622,Neutral
623,Neutral
624,Neutral
625,Neutral
626,Neutral
627,Neutral
628,Neutral
629,Neutral
630,Neutral
631,Neutral
632,Neutral
633,Happy
634,Neutral
635,Neutral
636,Neutral
637,Neutral
638,Neutral
639,Neutral
640,Neutral
641,Neutral
642,Neutral
643,Neutral
644,Neutral
645,Neutral
646,Neutral
647,Happy
648,Neutral
649,Neutral
650,Neutral
651,Neutral
652,Neutral
653,Neutral
654,Neutral
655,Neutral
656,Neutral
657,Neutral
658,Neutral
659,Neutral
660,Happy
661,Neutral
662,Neutral
663,Neutral
664,Neutral
665,Happy
666,Surprised
667,Happy
668,Happy
669,Neutral
670,Neutral
671,Neutral
672,Neutral
673,Happy
674,Neutral
675,Neutral
676,Neutral
677,Neutral
678,Neutral
679,Neutral
680,Neutral
681,Neutral
682,Neutral
683,Neutral
684,Neutral
685,Neutral
686,Neutral
687,Neutral
688,Neutral
689,Neutral
690,Neutral
691,Neutral
692,Neutral
693,Surprised
694,Happy
695,Neutral
696,Happy
697,Neutral
698,Neutral
699,Neutral
700,Neutral
701,Neutral
702,Neutral
703,Neutral
704,Neutral
705,Neutral
706,Neutral
707,Neutral
708,Neutral
709,Neutral
710,Neutral
711,Neutral
712,Neutral
713,Neutral
714,Neutral
715,Neutral
716,Neutral
717,Neutral
718,Neutral
719,Neutral
720,Neutral
721,Neutral
722,Neutral
723,Neutral
724,Neutral
725,Neutral
726,Neutral
727,Neutral
728,Neutral
729,Neutral
730,Neutral
731,Neutral
732,Neutral
733,Neutral
734,Neutral
735,Neutral
736,Neutral
737,Neutral
738,Neutral
739,Neutral
740,Neutral
741,Neutral
742,Neutral
743,Neutral
744,Neutral
745,Neutral
746,Neutral
747,Neutral
748,Neutral
749,Surprised
750,Neutral
751,Neutral
752,Neutral
753,Neutral
754,Neutral
755,Surprised
756,Neutral
757,Neutral
758,Neutral
759,Neutral
760,Neutral
761,Neutral
762,Neutral
763,Neutral
764,Neutral
765,Neutral
766,Surprised
767,Neutral
768,Neutral
769,Neutral
770,Neutral
771,Neutral
772,Neutral
773,Neutral
774,Neutral
775,Neutral
776,Neutral
777,Neutral
778,Neutral
779,Neutral
780,Neutral
781,Neutral
782,Neutral
783,Surprised
784,Neutral
785,Neutral
786,Neutral
787,Neutral
788,Neutral
789,Neutral
790,Neutral
791,Neutral
792,Neutral
793,Neutral
794,Neutral
795,Neutral
796,Neutral
797,Neutral
798,Neutral
799,Neutral
800,Neutral
801,Neutral
802,Neutral
803,Neutral
804,Neutral
805,Surprised
806,Neutral
807,Neutral
808,Neutral
809,Neutral
810,Neutral
811,Neutral
812,Neutral
813,Neutral
814,Neutral
815,Neutral
816,Surprised
817,Neutral
818,Neutral
819,Neutral
820,Neutral
821,Neutral
822,Neutral
823,Neutral
824,Neutral
825,Neutral
826,Neutral
827,Neutral
828,Surprised
829,Neutral
830,Neutral
831,Neutral
832,Neutral
833,Neutral
834,Neutral
835,Neutral
836,Neutral
837,Neutral
838,Neutral
839,Neutral
840,Neutral
841,Neutral
842,Neutral
843,Neutral
844,Neutral
845,Neutral
846,Neutral
847,Neutral
848,Neutral
849,Neutral
850,Neutral
851,Neutral
852,Neutral
853,Neutral
854,Neutral
855,Neutral
856,Neutral
857,Neutral
858,Neutral
859,Neutral
860,Neutral
861,Neutral
862,Surprised
863,Neutral
864,Neutral
865,Neutral
866,Neutral
867,Neutral
868,Neutral
869,Neutral
870,Neutral
871,Neutral
872,Neutral
873,Neutral
874,Neutral
875,Neutral
876,Neutral
877,Neutral
878,Neutral
879,Neutral
880,Neutral
881,Neutral
882,Neutral
883,Neutral
884,Neutral
885,Neutral
886,Neutral
887,Neutral
888,Neutral
889,Neutral
890,Neutral
891,Neutral
892,Neutral
893,Neutral
894,Neutral
895,Neutral
896,Neutral
897,Neutral
898,Neutral
899,Neutral
900,Neutral
901,Neutral
902,Neutral
903,Neutral
904,Neutral
905,Neutral
906,Neutral
907,Neutral
908,Neutral
909,Neutral
910,Neutral
911,Neutral
912,Neutral
913,Neutral
914,Neutral
915,Neutral
916,Neutral
917,Neutral
918,Neutral
919,Neutral
920,Neutral
921,Neutral
922,Neutral
923,Neutral
924,Neutral
925,Neutral
926,Neutral
927,Neutral
928,Neutral
929,Neutral
930,Neutral
931,Neutral
932,Neutral
933,Neutral
934,Neutral
935,Neutral
936,Neutral
937,Neutral
938,Neutral
939,Neutral
940,Neutral
941,Surprised
942,Neutral
943,Neutral
944,Neutral
945,Neutral
946,Neutral
947,Happy
948,Neutral
949,Neutral
950,Neutral
951,Neutral
952,Neutral
953,Neutral
954,Neutral
955,Neutral
956,Neutral
957,Neutral
958,Neutral
959,Neutral
960,Neutral
961,Neutral
962,Neutral
963,Neutral
964,Neutral
965,Neutral
966,Neutral
967,Neutral
968,Neutral
969,Neutral
970,Neutral
971,Neutral
972,Neutral
973,Neutral
974,Neutral
975,Neutral
976,Neutral
977,Happy
978,Neutral
979,Neutral
980,Neutral
981,Neutral
982,Neutral
983,Neutral
984,Neutral
985,Neutral
986,Neutral
987,Neutral
988,Neutral
989,Neutral
990,Neutral
991,Neutral
992,Neutral
993,Neutral
994,Neutral
995,Neutral
996,Neutral
997,Neutral
998,Neutral
999,Neutral
1000,Neutral
1001,Neutral
1002,Neutral
1003,Happy
1004,Neutral
1005,Neutral
1006,Neutral
1007,Neutral
1008,Neutral
1009,Neutral
1010,Neutral
1011,Neutral
1012,Neutral
1013,Neutral
1014,Neutral
1015,Neutral
1016,Neutral
1017,Neutral
1018,Neutral
1019,Surprised
1020,Neutral
1021,Neutral
1022,Neutral
1023,Neutral
1024,Neutral
1025,Neutral
1026,Neutral
1027,Neutral
1028,Neutral
1029,Neutral
1030,Neutral
1031,Neutral
1032,Neutral
1033,Neutral
1034,Neutral
1035,Neutral
1036,Neutral
1037,Neutral
1038,Neutral
1039,Neutral
1040,Neutral
1041,Neutral
1042,Neutral
1043,Neutral
1044,Neutral
1045,Neutral
1046,Neutral
1047,Neutral
1048,Neutral
1049,Neutral
1050,Neutral
1051,Neutral
1052,Neutral
1053,Neutral
1054,Neutral
1055,Surprised
1056,Neutral
1057,Happy
1058,Neutral
1059,Happy
1060,Neutral
1061,Neutral
1062,Happy
1063,Neutral
1064,Neutral
1065,Neutral
1066,Neutral
1067,Neutral
1068,Neutral
1069,Neutral
1070,Neutral
1071,Neutral
1072,Neutral
1073,Happy
1074,Neutral
1075,Neutral
1076,Neutral
1077,Neutral
1078,Neutral
1079,Neutral
1080,Neutral
1081,Neutral
1082,Neutral
1083,Neutral
1084,Neutral
1085,Happy
1086,Neutral
1087,Neutral
1088,Neutral
1089,Neutral
1090,Neutral
1091,Neutral
1092,Neutral
1093,Neutral
1094,Neutral
1095,Neutral
1096,Neutral
1097,Neutral
1098,Neutral
1099,Neutral
1100,Neutral
1101,Neutral
1102,Neutral
1103,Neutral
1104,Neutral
1105,Neutral
1106,Neutral
1107,Neutral
1108,Neutral
1109,Neutral
1110,Neutral
1111,Neutral
1112,Neutral
1113,Happy
1114,Neutral
1115,Neutral
1116,Happy
1117,Neutral
1118,Neutral
1119,Neutral
1120,Neutral
1121,Neutral
1122,Neutral
1123,Neutral
1124,Neutral
1125,Neutral
1126,Neutral
1127,Neutral
1128,Neutral
1129,Neutral
1130,Neutral
1131,Neutral
1132,Neutral
1133,Neutral
1134,Happy
1135,Neutral
1136,Neutral
1137,Neutral
1138,Neutral
1139,Neutral
1140,Neutral
1141,Neutral
1142,Neutral
1143,Neutral
1144,Neutral
1145,Neutral
1146,Neutral
1147,Neutral
1148,Happy
1149,Neutral
1150,Neutral
1151,Neutral
1152,Neutral
1153,Neutral
1154,Neutral
1155,Happy
1156,Neutral
1157,Neutral
1158,Neutral
1159,Neutral
1160,Neutral
1161,Happy
1162,Neutral
1163,Neutral
1164,Neutral
1165,Neutral
1166,Neutral
1167,Neutral
1168,Neutral
1169,Neutral
1170,Neutral
1171,Neutral
1172,Neutral
1173,Neutral
1174,Happy
1175,Neutral
1176,Neutral
1177,Neutral
1178,Neutral
1179,Neutral
1180,Neutral
1181,Neutral
1182,Neutral
1183,Neutral
1184,Neutral
1185,Neutral
1186,Neutral
1187,Neutral
1188,Neutral
1189,Neutral
1190,Neutral
1191,Neutral
1192,Neutral
1193,Neutral
1194,Neutral
1195,Neutral
1196,Neutral
1197,Neutral
1198,Neutral
1199,Neutral
1200,Neutral
1201,Neutral
1202,Neutral
1203,Neutral
1204,Neutral
1205,Neutral
1206,Neutral
1207,Neutral
1208,Happy
1209,Neutral
1210,Neutral
1211,Neutral
1212,Neutral
1213,Neutral
1214,Neutral
1215,Neutral
1216,Neutral
1217,Neutral
1218,Neutral
1219,Neutral
1220,Surprised
1221,Neutral
1222,Neutral
1223,Neutral
1224,Neutral
1225,Neutral
1226,Neutral
1227,Neutral
1228,Neutral
1229,Neutral
1230,Neutral
1231,Neutral
1232,Neutral
1233,Neutral
1234,Neutral
1235,Neutral
1236,Neutral
1237,Neutral
1238,Surprised
1239,Surprised
1240,Neutral
1241,Neutral
1242,Neutral
1243,Neutral
1244,Neutral
1245,Neutral
1246,Neutral
1247,Neutral
1248,Neutral
1249,Neutral
1250,Neutral
1251,Happy
1252,Neutral
1253,Neutral
1254,Neutral
1255,Neutral
1256,Neutral
1257,Surprised
1258,Sad
1259,Neutral
1260,Neutral
1261,Neutral
1262,Neutral
1263,Neutral
1264,Neutral
1265,Neutral
1266,Neutral
1267,Neutral
1268,Neutral
1269,Neutral
1270,Happy
1271,Neutral
1272,Neutral
1273,Neutral
1274,Neutral
1275,Neutral
1276,Neutral
1277,Neutral
1278,Neutral
1279,Neutral
1280,Neutral
1281,Neutral
1282,Neutral
1283,Neutral
1284,Neutral
1285,Neutral
1286,Neutral
1287,Neutral
1288,Neutral
1289,Happy
1290,Neutral
1291,Surprised
1292,Surprised
1293,Neutral
1294,Neutral
1295,Neutral
1296,Neutral
1297,Neutral
1298,Neutral
1299,Neutral
1300,Neutral
1301,Neutral
1302,Neutral
1303,Neutral
1304,Neutral
1305,Sad
1306,Neutral
1307,Neutral
1308,Happy
1309,Neutral
1310,Neutral
1311,Neutral
1312,Neutral
1313,Neutral
1314,Neutral
1315,Neutral
1316,Happy
1317,Neutral
1318,Neutral
1319,Neutral
1320,Neutral
1321,Sad
1322,Neutral
1323,Neutral
1324,Neutral
1325,Neutral
1326,Neutral
1327,Neutral
1328,Neutral
1329,Happy
1330,Neutral
1331,Neutral
1332,Neutral
1333,Neutral
1334,Neutral
1335,Neutral
1336,Neutral
1337,Neutral
1338,Neutral
1339,Happy
1340,Happy
1341,Neutral
1342,Neutral
1343,Neutral
1344,Neutral
1345,Neutral
1346,Neutral
1347,Neutral
1348,Neutral
1349,Neutral
1350,Happy
1351,Neutral
1352,Neutral
1353,Surprised
1354,Happy
1355,Neutral
1356,Neutral
1357,Neutral
1358,Neutral
1359,Neutral
1360,Neutral
1361,Neutral
1362,Neutral
1363,Neutral
1364,Neutral
1365,Neutral
1366,Neutral
1367,Neutral
1368,Neutral
1369,Neutral
1370,Neutral
1371,Neutral
1372,Neutral
1373,Neutral
1374,Happy
1375,Happy
1376,Neutral
1377,Neutral
1378,Neutral
1379,Neutral
1380,Neutral
1381,Neutral
1382,Neutral
1383,Neutral
1384,Neutral
1385,Neutral
1386,Neutral
1387,Neutral
1388,Neutral
1389,Happy
1390,Neutral
1391,Neutral
1392,Neutral
1393,Happy
1394,Neutral
1395,Neutral
1396,Happy
1397,Neutral
1398,Neutral
1399,Neutral
1400,Neutral
1401,Neutral
1402,Neutral
1403,Neutral
1404,Neutral
1405,Neutral
1406,Neutral
1407,Neutral
1408,Neutral
1409,Happy
1410,Happy
1411,Neutral
1412,Neutral
1413,Neutral
1414,Neutral
1415,Neutral
1416,Neutral
1417,Neutral
1418,Neutral
1419,Neutral
1420,Neutral
1421,Neutral
1422,Neutral
1423,Neutral
1424,Happy
1425,Neutral
1426,Neutral
1427,Happy
1428,Neutral
1429,Neutral
1430,Neutral
1431,Happy
1432,Neutral
1433,Neutral
1434,Neutral
1435,Neutral
1436,Neutral
1437,Neutral
1438,Neutral
1439,Neutral
1440,Surprised
1441,Neutral
1442,Neutral
1443,Neutral
1444,Neutral
1445,Neutral
1446,Neutral
1447,Neutral
1448,Neutral
1449,Neutral
1450,Neutral
1451,Neutral
1452,Neutral
1453,Neutral
1454,Neutral
1455,Neutral
1456,Neutral
1457,Neutral
1458,Neutral
1459,Neutral
1460,Neutral
1461,Neutral
1462,Neutral
1463,Sad
1464,Neutral
1465,Neutral
1466,Neutral
1467,Neutral
1468,Happy
1469,Neutral
1470,Neutral
1471,Surprised
1472,Happy
1473,Neutral
1474,Neutral
1475,Neutral
1476,Happy
1477,Neutral
1478,Happy
1479,Happy
1480,Neutral
1481,Neutral
1482,Happy
1483,Happy
1484,Happy
1485,Happy
1486,Neutral
1487,Happy
1488,Neutral
1489,Neutral
1490,Neutral
1491,Happy
1492,Happy
1493,Happy
1494,Happy
1495,Happy
1496,Happy
1497,Happy
1498,Happy
1499,Happy
1500,Neutral
1501,Neutral
1502,Neutral
1503,Neutral
1504,Neutral
1505,Neutral
1506,Neutral
1507,Surprised
1508,Neutral
1509,Neutral
1510,Neutral
1511,Neutral
1512,Neutral
1513,Neutral
1514,Neutral
1515,Neutral
1516,Neutral
1517,Neutral
1518,Happy
1519,Neutral
1520,Neutral
1521,Neutral
1522,Neutral
1523,Surprised
1524,Neutral
1525,Neutral
1526,Neutral
1527,Neutral
1528,Neutral
1529,Neutral
1530,Neutral
1531,Neutral
1532,Neutral
1533,Neutral
1534,Neutral
1535,Neutral
1536,Neutral
1537,Neutral
1538,Neutral
1539,Neutral
1540,Neutral
1541,Neutral
1542,Neutral
1543,Neutral
1544,Surprised
1545,Neutral
1546,Neutral
1547,Neutral
1548,Neutral
1549,Neutral
1550,Neutral
1551,Neutral
1552,Neutral
1553,Neutral
1554,Neutral
1555,Neutral
1556,Happy
1557,Neutral
1558,Neutral
1559,Neutral
1560,Neutral
1561,Neutral
1562,Neutral
1563,Surprised
1564,Neutral
1565,Neutral
1566,Neutral
1567,Neutral
1568,Neutral
1569,Neutral
1570,Happy
1571,Neutral
1572,Neutral
1573,Neutral
1574,Neutral
1575,Neutral
1576,Neutral
1577,Neutral
1578,Neutral
1579,Neutral
1580,Neutral
1581,Neutral
1582,Neutral
1583,Neutral
1584,Neutral
1585,Neutral
1586,Neutral
1587,Neutral
1588,Neutral
1589,Neutral
1590,Neutral
1591,Neutral
1592,Happy
1593,Neutral
1594,Neutral
1595,Neutral
1596,Neutral
1597,Neutral
1598,Surprised
1599,Neutral
1600,Neutral
1601,Happy
1602,Neutral
1603,Neutral
1604,Neutral
1605,Neutral
1606,Neutral
1607,Neutral
1608,Neutral
1609,Neutral
1610,Neutral
1611,Neutral
1612,Neutral
1613,Neutral
1614,Surprised
1615,Neutral
1616,Neutral
1617,Neutral
1618,Neutral
1619,Neutral
1620,Neutral
1621,Happy
1622,Happy
1623,Happy
1624,Happy
1625,Happy
1626,Happy
1627,Neutral
1628,Happy
1629,Neutral
1630,Happy
1631,Happy
1632,Neutral
1633,Happy
1634,Happy
1635,Happy
1636,Happy
1637,Happy
1638,Neutral
1639,Neutral
1640,Happy
1641,Neutral
1642,Happy
1643,Happy
1644,Neutral
1645,Happy
1646,Happy
1647,Happy
1648,Happy
1649,Happy
1650,Happy
1651,Happy
1652,Happy
1653,Happy
1654,Happy
1655,Neutral
1656,Happy
1657,Neutral
1658,Neutral
1659,Happy
1660,Happy
1661,Happy
1662,Happy
1663,Happy
1664,Happy
1665,Happy
1666,Happy
1667,Neutral
1668,Happy
1669,Neutral
1670,Happy
1671,Neutral
1672,Happy
1673,Happy
1674,Happy
1675,Happy
1676,Happy
1677,Happy
1678,Neutral
1679,Happy
1680,Neutral
1681,Happy
1682,Happy
1683,Happy
1684,Happy
1685,Happy
1686,Happy
1687,Neutral
1688,Happy
1689,Happy
1690,Happy
1691,Neutral
1692,Neutral
1693,Neutral
1694,Surprised
1695,Neutral
1696,Happy
1697,Happy
1698,Neutral
1699,Happy
1700,Happy
1701,Happy
1702,Happy
1703,Happy
1704,Neutral
1705,Happy
1706,Happy
1707,Happy
1708,Happy
1709,Neutral
1710,Neutral
1711,Happy
1712,Happy
1713,Neutral
1714,Happy
1715,Happy
1716,Happy
1717,Happy
1718,Happy
1719,Happy
1720,Neutral
1721,Happy
1722,Happy
1723,Happy
1724,Happy
1725,Happy
1726,Neutral
1727,Happy
1728,Happy
1729,Happy
1730,Happy
1731,Happy
1732,Happy
1733,Happy
1734,Happy
1735,Neutral
1736,Surprised
1737,Happy
1738,Happy
1739,Happy
1740,Neutral
1741,Neutral
1742,Neutral
1743,Neutral
1744,Neutral
1745,Happy
1746,Happy
1747,Happy
1748,Neutral
1749,Happy
1750,Neutral
1751,Happy
1752,Happy
1753,Happy
1754,Neutral
1755,Happy
1756,Happy
1757,Happy
1758,Happy
1759,Neutral
1760,Happy
1761,Happy
1762,Neutral
1763,Happy
1764,Happy
1765,Surprised
1766,Neutral
1767,Happy
1768,Happy
1769,Happy
1770,Neutral
1771,Happy
1772,Neutral
1773,Happy
1774,Happy
1775,Neutral
1776,Happy
1777,Neutral
1778,Happy
1779,Happy
1780,Surprised
1781,Neutral
1782,Happy
1783,Neutral
1784,Happy
1785,Neutral
1786,Neutral
1787,Neutral
1788,Neutral
1789,Happy
1790,Surprised
1791,Neutral
1792,Happy
1793,Neutral
1794,Surprised
1795,Neutral
1796,Neutral
1797,Neutral
1798,Neutral
1799,Happy
1800,Neutral
1801,Neutral
1802,Neutral
1803,Neutral
1804,Happy
1805,Happy
1806,Neutral
1807,Neutral
1808,Happy
1809,Happy
1810,Neutral
1811,Surprised
1812,Neutral
1813,Neutral
1814,Neutral
1815,Neutral
1816,Neutral
1817,Neutral
1818,Neutral
1819,Happy
1820,Neutral
1821,Neutral
1822,Neutral
1823,Happy
1824,Neutral
1825,Happy
1826,Neutral
1827,Neutral
1828,Neutral
1829,Neutral
1830,Happy
1831,Neutral
1832,Neutral
1833,Happy
1834,Happy
1835,Neutral
1836,Happy
1837,Neutral
1838,Neutral
1839,Neutral
1840,Neutral
1841,Neutral
1842,Happy
1843,Neutral
1844,Neutral
1845,Neutral
1846,Neutral
1847,Sad
1848,Neutral
1849,Neutral
1850,Neutral
1851,Neutral
1852,Neutral
1853,Neutral
1854,Neutral
1855,Neutral
1856,Neutral
1857,Neutral
1858,Neutral
1859,Neutral
1860,Neutral
1861,Neutral
1862,Neutral
1863,Surprised
1864,Neutral
1865,Neutral
1866,Neutral
1867,Neutral
1868,Neutral
1869,Neutral
1870,Neutral
1871,Neutral
1872,Neutral
1873,Neutral
1874,Neutral
1875,Neutral
1876,Neutral
1877,Neutral
1878,Neutral
1879,Neutral
1880,Surprised
1881,Neutral
1882,Neutral
1883,Neutral
1884,Neutral
1885,Neutral
1886,Neutral
1887,Neutral
1888,Neutral
1889,Neutral
1890,Happy
1891,Happy
1892,Happy
1893,Happy
1894,Neutral
1895,Happy
1896,Happy
1897,Neutral
1898,Neutral
1899,Neutral
1900,Happy
1901,Happy
1902,Happy
1903,Happy
1904,Happy
1905,Happy
1906,Happy
1907,Neutral
1908,Happy
1909,Happy
1910,Sad
1911,Happy
1912,Happy
1913,Neutral
1914,Happy
1915,Happy
1916,Happy
1917,Surprised
1918,Happy
1919,Happy
1920,Happy
1921,Neutral
1922,Neutral
1923,Neutral
1924,Neutral
1925,Surprised
1926,Neutral
1927,Neutral
1928,Neutral
1929,Neutral
1930,Neutral
1931,Neutral
1932,Neutral
1933,Neutral
1934,Happy
1935,Happy
1936,Happy
1937,Happy
1938,Neutral
1939,Happy
1940,Surprised
1941,Happy
1942,Neutral
1943,Neutral
1944,Neutral
1945,Neutral
1946,Neutral
1947,Surprised
1948,Neutral
1949,Neutral
1950,Neutral
1951,Neutral
1952,Neutral
1953,Neutral
1954,Neutral
1955,Neutral
1956,Neutral
1957,Neutral
1958,Neutral
1959,Neutral
1960,Neutral
1961,Neutral
1962,Neutral
1963,Neutral
1964,Neutral
1965,Neutral
1966,Neutral
1967,Neutral
1968,Neutral
1969,Neutral
1970,Neutral
1971,Neutral
1972,Neutral
1973,Neutral
1974,Neutral
1975,Neutral
1976,Surprised
1977,Neutral
1978,Neutral
1979,Neutral
1980,Neutral
1981,Neutral
1982,Neutral
1983,Neutral
1984,Neutral
1985,Neutral
1986,Neutral
1987,Neutral
1988,Neutral
1989,Neutral
1990,Neutral
1991,Neutral
1992,Neutral
1993,Neutral
1994,Neutral
1995,Neutral
1996,Neutral
1997,Neutral
1998,Neutral
1999,Neutral
2000,Sad
2001,Neutral
2002,Neutral
2003,Neutral
2004,Neutral
2005,Neutral
2006,Neutral
2007,Neutral
2008,Neutral
2009,Neutral
2010,Neutral
2011,Neutral
2012,Neutral
2013,Neutral
2014,Neutral
2015,Neutral
2016,Neutral
2017,Neutral
2018,Neutral
2019,Neutral
2020,Neutral
2021,Neutral
2022,Neutral
2023,Neutral
2024,Neutral
2025,Neutral
2026,Neutral
2027,Neutral
2028,Neutral
2029,Neutral
2030,Neutral
2031,Neutral
2032,Neutral
2033,Neutral
2034,Neutral
2035,Neutral
2036,Neutral
2037,Neutral
2038,Neutral
2039,Neutral
2040,Neutral
2041,Neutral
2042,Neutral
2043,Neutral
2044,Neutral
2045,Neutral
2046,Neutral
2047,Neutral
2048,Neutral
2049,Neutral
2050,Neutral
2051,Neutral
2052,Neutral
2053,Neutral
2054,Neutral
2055,Neutral
2056,Neutral
2057,Neutral
2058,Neutral
2059,Neutral
2060,Neutral
2061,Neutral
2062,Neutral
2063,Neutral
2064,Neutral
2065,Neutral
2066,Neutral
2067,Neutral
2068,Neutral
2069,Neutral
2070,Neutral
2071,Neutral
2072,Neutral
2073,Neutral
2074,Neutral
2075,Neutral
2076,Neutral
2077,Neutral
2078,Neutral
2079,Neutral
2080,Neutral
2081,Neutral
2082,Neutral
2083,Neutral
2084,Neutral
2085,Neutral
2086,Neutral
2087,Neutral
2088,Neutral
2089,Neutral
2090,Neutral
2091,Neutral
2092,Neutral
2093,Neutral
2094,Neutral
2095,Neutral
2096,Neutral
2097,Neutral
2098,Neutral
2099,Neutral
2100,Neutral
2101,Neutral
2102,Angry
2103,Neutral
2104,Neutral
2105,Neutral
2106,Neutral
2107,Neutral
2108,Neutral
2109,Neutral
2110,Neutral
2111,Neutral
2112,Neutral
2113,Sad
2114,Neutral
2115,Neutral
2116,Neutral
2117,Neutral
2118,Neutral
2119,Surprised
2120,Neutral
2121,Neutral
2122,Neutral
2123,Neutral
2124,Neutral
2125,Neutral
2126,Neutral
2127,Neutral
2128,Neutral
2129,Neutral
2130,Neutral
2131,Neutral
2132,Neutral
2133,Neutral
2134,Neutral
2135,Neutral
2136,Angry
2137,Neutral
2138,Neutral
2139,Neutral
2140,Neutral
2141,Neutral
2142,Neutral
2143,Neutral
2144,Neutral
2145,Neutral
2146,Neutral
2147,Neutral
2148,Neutral
2149,Neutral
2150,Neutral
2151,Neutral
2152,Neutral
2153,Neutral
2154,Neutral
2155,Neutral
2156,Neutral
2157,Neutral
2158,Neutral
2159,Neutral
2160,Neutral
2161,Neutral
2162,Neutral
2163,Neutral
2164,Neutral
2165,Neutral
2166,Neutral
2167,Neutral
2168,Neutral
2169,Neutral
2170,Neutral
2171,Neutral
2172,Neutral
2173,Neutral
2174,Neutral
2175,Neutral
2176,Neutral
2177,Neutral
2178,Neutral
2179,Neutral
2180,Neutral
2181,Neutral
2182,Neutral
2183,Neutral
2184,Neutral
2185,Neutral
2186,Neutral
2187,Neutral
2188,Neutral
2189,Neutral
2190,Neutral
2191,Neutral
2192,Neutral
2193,Neutral
2194,Neutral
2195,Neutral
2196,Neutral
2197,Neutral
2198,Neutral
2199,Neutral
2200,Neutral
2201,Neutral
2202,Neutral
2203,Neutral
2204,Neutral
2205,Neutral
2206,Neutral
2207,Neutral
2208,Neutral
2209,Neutral
2210,Neutral
2211,Neutral
2212,Sad
2213,Neutral
2214,Neutral
2215,Neutral
2216,Neutral
2217,Neutral
2218,Neutral
2219,Neutral
2220,Neutral
2221,Neutral
2222,Surprised
2223,Neutral
2224,Neutral
2225,Neutral
2226,Neutral
2227,Neutral
2228,Neutral
2229,Neutral
2230,Neutral
2231,Neutral
2232,Neutral
2233,Neutral
2234,Neutral
2235,Neutral
2236,Neutral
2237,Neutral
2238,Neutral
2239,Neutral
2240,Neutral
2241,Surprised
2242,Neutral
2243,Neutral
2244,Neutral
2245,Neutral
2246,Neutral
2247,Neutral
2248,Neutral
2249,Neutral
2250,Neutral
2251,Neutral
2252,Neutral
2253,Neutral
2254,Neutral
2255,Neutral
2256,Neutral
2257,Neutral
2258,Neutral
2259,Neutral
2260,Happy
2261,Neutral
2262,Neutral
2263,Neutral
2264,Neutral
2265,Neutral
2266,Neutral
2267,Neutral
2268,Neutral
2269,Neutral
2270,Neutral
2271,Surprised
2272,Neutral
2273,Neutral
2274,Neutral
2275,Neutral
2276,Neutral
2277,Neutral
2278,Neutral
2279,Neutral
2280,Neutral
2281,Neutral
2282,Surprised
2283,Neutral
2284,Neutral
2285,Neutral
2286,Neutral
2287,Neutral
2288,Neutral
2289,Neutral
2290,Neutral
2291,Neutral
2292,Neutral
2293,Neutral
2294,Neutral
2295,Neutral
2296,Neutral
2297,Neutral
2298,Neutral
2299,Neutral
2300,Neutral
2301,Neutral
2302,Neutral
2303,Neutral
2304,Neutral
2305,Neutral
2306,Neutral
2307,Neutral
2308,Neutral
2309,Neutral
2310,Neutral
2311,Neutral
2312,Neutral
2313,Neutral
2314,Neutral
2315,Neutral
2316,Neutral
2317,Neutral
2318,Neutral
2319,Neutral
2320,Neutral
2321,Neutral
2322,Neutral
2323,Neutral
2324,Neutral
2325,Neutral
2326,Neutral
2327,Surprised
2328,Neutral
2329,Neutral
2330,Sad
2331,Sad
2332,Surprised
2333,Neutral
2334,Neutral
2335,Sad
2336,Neutral
2337,Neutral
2338,Neutral
2339,Neutral
2340,Sad
2341,Neutral
2342,Neutral
2343,Neutral
2344,Neutral
2345,Neutral
2346,Neutral
2347,Neutral
2348,Neutral
2349,Neutral
2350,Neutral
2351,Neutral
2352,Happy
2353,Neutral
2354,Neutral
2355,Neutral
2356,Neutral
2357,Neutral
2358,Neutral
2359,Neutral
2360,Surprised
2361,Neutral
2362,Neutral
2363,Neutral
2364,Neutral
2365,Neutral
2366,Neutral
2367,Neutral
2368,Neutral
2369,Neutral
2370,Neutral
2371,Neutral
2372,Neutral
2373,Neutral
2374,Neutral
2375,Neutral
2376,Sad
2377,Sad
2378,Neutral
2379,Neutral
2380,Neutral
2381,Neutral
2382,Neutral
2383,Neutral
2384,Surprised
2385,Neutral
2386,Neutral
2387,Neutral
2388,Neutral
2389,Sad
2390,Neutral
2391,Neutral
2392,Disgusted
2393,Neutral
2394,Neutral
2395,Neutral
2396,Neutral
2397,Neutral
2398,Neutral
2399,Neutral
2400,Happy
2401,Neutral
2402,Disgusted
2403,Disgusted
2404,Neutral
2405,Surprised
2406,Neutral
2407,Happy
2408,Neutral
2409,Neutral
2410,Surprised
2411,Neutral
2412,Neutral
2413,Happy
2414,Neutral
2415,Happy
2416,Surprised
2417,Neutral
2418,Neutral
2419,Neutral
2420,Neutral
2421,Neutral
2422,Neutral
2423,Happy
2424,Neutral
2425,Happy
2426,Neutral
2427,Neutral
2428,Neutral
2429,Surprised
2430,Neutral
2431,Neutral
2432,Sad
2433,Neutral
2434,Neutral
2435,Neutral
2436,Neutral
2437,Neutral
2438,Neutral
2439,Neutral
2440,Neutral
2441,Sad
2442,Neutral
2443,Neutral
2444,Neutral
2445,Neutral
2446,Neutral
2447,Neutral
2448,Neutral
2449,Surprised
2450,Neutral
2451,Neutral
2452,Happy
2453,Neutral
2454,Neutral
2455,Neutral
2456,Neutral
2457,Neutral
2458,Neutral
2459,Neutral
2460,Neutral
2461,Neutral
2462,Neutral
2463,Neutral
2464,Neutral
2465,Neutral
2466,Happy
2467,Neutral
2468,Surprised
2469,Surprised
2470,Neutral
2471,Neutral
2472,Happy
2473,Neutral
2474,Neutral
2475,Surprised
2476,Neutral
2477,Neutral
2478,Neutral
2479,Neutral
2480,Neutral
2481,Neutral
2482,Neutral
2483,Surprised
2484,Neutral
2485,Neutral
2486,Neutral
2487,Neutral
2488,Neutral
2489,Surprised
2490,Neutral
2491,Neutral
2492,Neutral
2493,Neutral
2494,Neutral
2495,Neutral
2496,Neutral
2497,Neutral
2498,Neutral
2499,Neutral
2500,Neutral
2501,Neutral
2502,Surprised
2503,Neutral
2504,Neutral
2505,Neutral
2506,Neutral
2507,Neutral
2508,Neutral
2509,Neutral
2510,Sad
2511,Neutral
2512,Neutral
2513,Neutral
2514,Neutral
2515,Neutral
2516,Neutral
2517,Neutral
2518,Neutral
2519,Neutral
2520,Happy
2521,Surprised
2522,Neutral
2523,Neutral
2524,Surprised
2525,Surprised
2526,Neutral
2527,Neutral
2528,Neutral
2529,Neutral
2530,Neutral
2531,Neutral
2532,Neutral
2533,Neutral
2534,Neutral
2535,Neutral
2536,Neutral
2537,Happy
2538,Neutral
2539,Neutral
2540,Neutral
2541,Happy
2542,Neutral
2543,Neutral
2544,Happy
2545,Neutral
2546,Happy
2547,Happy
2548,Neutral
2549,Neutral
2550,Neutral
2551,Neutral
2552,Neutral
2553,Neutral
2554,Neutral
2555,Neutral
2556,Neutral
2557,Neutral
2558,Neutral
2559,Neutral
2560,Neutral
2561,Neutral
2562,Happy
2563,Neutral
2564,Neutral
2565,Happy
2566,Neutral
2567,Neutral
2568,Neutral
2569,Neutral
2570,Happy
2571,Neutral
2572,Neutral
2573,Neutral
2574,Happy
2575,Neutral
2576,Neutral
2577,Neutral
2578,Neutral
2579,Neutral
2580,Neutral
2581,Happy
2582,Neutral
2583,Neutral
2584,Happy
2585,Neutral
2586,Neutral
2587,Neutral
2588,Happy
2589,Neutral
2590,Happy
2591,Happy
2592,Happy
2593,Neutral
2594,Neutral
2595,Neutral
2596,Neutral
2597,Neutral
2598,Neutral
2599,Neutral
2600,Happy
2601,Neutral
2602,Neutral
2603,Neutral
2604,Neutral
2605,Neutral
2606,Happy
2607,Neutral
2608,Neutral
2609,Neutral
2610,Neutral
2611,Neutral
2612,Neutral
2613,Happy
2614,Neutral
2615,Happy
2616,Happy
2617,Happy
2618,Neutral
2619,Happy
2620,Neutral
2621,Neutral
2622,Happy
2623,Happy
2624,Neutral
2625,Neutral
2626,Neutral
2627,Neutral
2628,Neutral
2629,Happy
2630,Neutral
2631,Happy
2632,Neutral
2633,Happy
2634,Happy
2635,Neutral
2636,Neutral
2637,Surprised
2638,Happy
2639,Happy
2640,Neutral
2641,Neutral
2642,Neutral
2643,Neutral
2644,Neutral
2645,Neutral
2646,Neutral
2647,Happy
2648,Happy
2649,Neutral
2650,Neutral
2651,Neutral
2652,Neutral
2653,Neutral
2654,Happy
2655,Neutral
2656,Neutral
2657,Neutral
2658,Neutral
2659,Neutral
2660,Neutral
2661,Happy
2662,Happy
2663,Happy
2664,Neutral
2665,Neutral
2666,Happy
2667,Neutral
2668,Happy
2669,Neutral
2670,Neutral
2671,Neutral
2672,Happy
2673,Neutral
2674,Happy
2675,Neutral
2676,Neutral
2677,Happy
2678,Neutral
2679,Neutral
2680,Neutral
2681,Neutral
2682,Neutral
2683,Neutral
2684,Neutral
2685,Happy
2686,Neutral
2687,Neutral
2688,Neutral
2689,Happy
2690,Happy
2691,Neutral
2692,Neutral
2693,Neutral
2694,Neutral
2695,Neutral
2696,Neutral
2697,Neutral
2698,Neutral
2699,Neutral
2700,Happy
2701,Neutral
2702,Neutral
2703,Neutral
2704,Neutral
2705,Neutral
2706,Happy
2707,Neutral
2708,Happy
2709,Neutral
2710,Neutral
2711,Neutral
2712,Neutral
2713,Neutral
2714,Happy
2715,Neutral
2716,Neutral
2717,Neutral
2718,Neutral
2719,Neutral
2720,Happy
2721,Neutral
2722,Happy
2723,Neutral
2724,Surprised
2725,Neutral
2726,Neutral
2727,Neutral
2728,Neutral
2729,Neutral
2730,Happy
2731,Neutral
2732,Neutral
2733,Neutral
2734,Neutral
2735,Neutral
2736,Neutral
2737,Happy
2738,Neutral
2739,Neutral
2740,Neutral
2741,Happy
2742,Neutral
2743,Neutral
2744,Neutral
2745,Neutral
2746,Neutral
2747,Neutral
2748,Neutral
2749,Neutral
2750,Neutral
2751,Happy
2752,Neutral
2753,Happy
2754,Happy
2755,Happy
2756,Neutral
2757,Neutral
2758,Happy
2759,Neutral
2760,Happy
2761,Neutral
2762,Happy
2763,Neutral
2764,Happy
2765,Neutral
2766,Neutral
2767,Happy
2768,Happy
2769,Happy
2770,Happy
2771,Happy
2772,Neutral
2773,Happy
2774,Neutral
2775,Happy
2776,Neutral
2777,Happy
2778,Happy
2779,Neutral
2780,Neutral
2781,Happy
2782,Neutral
2783,Happy
